cycle,log_sum,profit_multiplier,timestamp,date
JPY → HKD → JPY,-8.74288274355095e-06,1.0000087429209628,2026-06-01 00:05:00,2026-06-01
HKD → JPY → HKD,-3.063241497702762e-05,1.0000306328841542,2026-06-01 00:08:00,2026-06-01
JPY → HKD → JPY,-4.011676967374811e-05,1.000040117574362,2026-06-01 00:10:00,2026-06-01
CAD → AUD → CAD,-3.0994794952677804e-05,1.0000309952752964,2026-06-01 00:11:00,2026-06-01
JPY → EUR → USD → JPY,-2.947442670894751e-05,1.000029474861084,2026-06-01 00:25:00,2026-06-01
USD → JPY → USD,-1.2543746302995373e-05,1.000012543824976,2026-06-01 00:34:00,2026-06-01
CHF → USD → JPY → CHF,-5.686732957002616e-05,1.0000568689465472,2026-06-01 00:58:00,2026-06-01
USD → HKD → USD,-1.275941485312515e-05,1.000012759496255,2026-06-01 01:03:00,2026-06-01
HKD → SGD → USD → HKD,-3.164313013420683e-06,1.0000031643180198,2026-06-01 01:04:00,2026-06-01
SGD → CHF → HKD → USD → SGD,-7.152705844981622e-05,1.0000715296165708,2026-06-01 01:13:00,2026-06-01
USD → EUR → USD,-3.3141945081360813e-06,1.0000033142,2026-06-01 01:16:00,2026-06-01
JPY → HKD → JPY,-1.2196567484856757e-06,1.0000012196574923,2026-06-01 01:23:00,2026-06-01
JPY → USD → JPY,-3.7620385233694265e-05,1.0000376210928892,2026-06-01 01:25:00,2026-06-01
CHF → SGD → HKD → CHF,-2.58194351887564e-06,1.000002581946852,2026-06-01 01:27:00,2026-06-01
GBP → EUR → GBP,-1.902381904597683e-05,1.000019024,2026-06-01 01:50:00,2026-06-01
CAD → AUD → CAD,-1.5037886930380565e-05,1.000015038,2026-06-01 01:51:00,2026-06-01
USD → EUR → USD,-1.0007949920426418e-05,1.000010008,2026-06-01 01:52:00,2026-06-01
HKD → GBP → USD → HKD,-2.0539983663026007e-05,1.0000205401946098,2026-06-01 01:55:00,2026-06-01
USD → JPY → USD,-6.270044538680963e-06,1.0000062700641954,2026-06-01 02:17:00,2026-06-01
HKD → CHF → USD → HKD,-1.7880283472299086e-05,1.0000178804433255,2026-06-01 02:21:00,2026-06-01
EUR → JPY → EUR,-4.128340191567048e-05,1.0000412842540871,2026-06-01 02:35:00,2026-06-01
JPY → HKD → JPY,-2.6142856289101957e-05,1.0000261431980166,2026-06-01 02:37:00,2026-06-01
USD → JPY → USD,-6.270673625685674e-06,1.0000062706932864,2026-06-01 02:48:00,2026-06-01
USD → GBP → USD,-2.8386597096752286e-05,1.000028387,2026-06-01 02:56:00,2026-06-01
HKD → CAD → SGD → HKD,-1.0098914079784138e-05,1.000010098965074,2026-06-01 03:04:00,2026-06-01
CAD → HKD → CAD,-1.5542541627722173e-05,1.0000155426624135,2026-06-01 03:05:00,2026-06-01
SGD → JPY → USD → HKD → SGD,-1.0928756146721952e-05,1.0000109288158658,2026-06-01 03:06:00,2026-06-01
AUD → CHF → USD → AUD,-1.2124297376014948e-05,1.0000121243708755,2026-06-01 03:10:00,2026-06-01
EUR → USD → JPY → EUR,-2.320579860079497e-05,1.0000232060678573,2026-06-01 03:15:00,2026-06-01
GBP → HKD → USD → GBP,-2.738579348371406e-05,1.000027386168478,2026-06-01 03:17:00,2026-06-01
AUD → JPY → USD → AUD,-1.0910817621334612e-05,1.0000109108771444,2026-06-01 03:26:00,2026-06-01
HKD → USD → CAD → HKD,-1.2332869826492399e-05,1.0000123329458765,2026-06-01 03:32:00,2026-06-01
USD → EUR → USD,-1.1317335958577202e-05,1.0000113173999998,2026-06-01 03:35:00,2026-06-01
SGD → HKD → SGD,-2.995617754297797e-05,1.0000299566262338,2026-06-01 03:40:00,2026-06-01
USD → CHF → HKD → USD,-1.2130889988443139e-05,1.000012130963568,2026-06-01 03:43:00,2026-06-01
GBP → HKD → USD → GBP,-1.0016199545326288e-06,1.0000010016204561,2026-06-01 03:44:00,2026-06-01
USD → EUR → USD,-1.419798992152721e-06,1.0000014198,2026-06-01 03:48:00,2026-06-01
GBP → USD → GBP,-2.2369749795414506e-05,1.0000223700000002,2026-06-01 03:54:00,2026-06-01
JPY → USD → GBP → HKD → JPY,-1.3781438163218418e-05,1.0000137815331276,2026-06-01 03:58:00,2026-06-01
GBP → EUR → GBP,-6.826167011930728e-05,1.000068264,2026-06-01 04:00:00,2026-06-01
CHF → USD → CHF,-7.197694974428459e-05,1.0000719795401471,2026-06-01 04:02:00,2026-06-01
HKD → JPY → USD → HKD,-3.4497488652363018e-06,1.0000034497548156,2026-06-01 04:04:00,2026-06-01
HKD → CHF → HKD,-8.45956776878154e-05,1.000084599256003,2026-06-01 04:07:00,2026-06-01
CHF → HKD → USD → CHF,-5.10955067867247e-05,1.0000510968121843,2026-06-01 04:08:00,2026-06-01
EUR → USD → EUR,-2.2962236365775546e-05,1.0000229625,2026-06-01 04:11:00,2026-06-01
HKD → GBP → HKD,-3.1889091537617986e-05,1.0000318896,2026-06-01 04:20:00,2026-06-01
USD → CHF → USD,-5.2011584552202894e-05,1.0000520129371782,2026-06-01 04:22:00,2026-06-01
JPY → CHF → HKD → JPY,-3.0152298737817773e-06,1.0000030152344197,2026-06-01 04:27:00,2026-06-01
GBP → USD → GBP,-1.2759918591842556e-05,1.00001276,2026-06-01 04:29:00,2026-06-01
AUD → CHF → HKD → AUD,-0.00010393737802327774,1.0001039427796996,2026-06-01 04:31:00,2026-06-01
JPY → EUR → JPY,-3.205613469781099e-06,1.0000032056186077,2026-06-01 04:45:00,2026-06-01
HKD → CHF → HKD,-0.00010203799856212115,1.0001020432046157,2026-06-01 04:46:00,2026-06-01
USD → GBP → USD,-1.2759918591842556e-05,1.00001276,2026-06-01 04:52:00,2026-06-01
USD → HKD → USD,-1.2759252053129444e-05,1.0000127593334527,2026-06-01 04:54:00,2026-06-01
CHF → HKD → USD → CHF,-8.278556653251723e-05,1.0000827889933521,2026-06-01 04:57:00,2026-06-01
GBP → HKD → USD → GBP,-2.774665012666988e-05,1.0000277470350685,2026-06-01 05:00:00,2026-06-01
AUD → CNH → USD → AUD,-4.745558096952429e-05,1.0000474567070035,2026-06-01 05:02:00,2026-06-01
GBP → HKD → USD → GBP,-7.85516178825052e-06,1.0000078551926401,2026-06-01 05:05:00,2026-06-01
USD → GBP → USD,-4.7404876371004434e-05,1.000047406,2026-06-01 05:11:00,2026-06-01
USD → HKD → USD,-1.275974046643924e-05,1.0000127598218722,2026-06-01 05:14:00,2026-06-01
USD → CHF → USD,-7.061060440433087e-05,1.0000706130973918,2026-06-01 05:17:00,2026-06-01
CHF → HKD → USD → GBP → CHF,-2.9309621567073785e-05,1.0000293100510982,2026-06-01 05:35:00,2026-06-01
CHF → HKD → CHF,-7.437597429937881e-06,1.000007437625089,2026-06-01 05:35:00,2026-06-01
GBP → HKD → USD → GBP,-2.036028895602282e-05,1.0000203604962281,2026-06-01 05:39:00,2026-06-01
GBP → USD → GBP,-3.906723686553093e-05,1.000039068,2026-06-01 05:42:00,2026-06-01
HKD → CHF → HKD,-7.263579231775452e-05,1.0000726384303609,2026-06-01 05:46:00,2026-06-01
GBP → USD → GBP,-3.812227333688245e-05,1.000038123,2026-06-01 05:52:00,2026-06-01
JPY → EUR → JPY,-1.7872661049800342e-05,1.0000178728207667,2026-06-01 05:54:00,2026-06-01
USD → JPY → USD,-3.1355727591275695e-05,1.0000313562191872,2026-06-01 05:55:00,2026-06-01
USD → AUD → CAD → HKD → USD,-4.414633561914197e-07,1.0000004414634536,2026-06-01 06:00:00,2026-06-01
CAD → HKD → USD → CAD,-3.178938433545664e-05,1.0000317898896234,2026-06-01 06:04:00,2026-06-01
GBP → EUR → GBP,-6.793769218285672e-05,1.00006794,2026-06-01 06:07:00,2026-06-01
USD → GBP → USD,-1.9018819141070065e-05,1.000019019,2026-06-01 06:13:00,2026-06-01
EUR → JPY → EUR,-2.351224231578186e-05,1.0000235125187307,2026-06-01 06:16:00,2026-06-01
USD → EUR → USD,-7.069575010509865e-06,1.0000070696,2026-06-01 06:22:00,2026-06-01
JPY → EUR → JPY,-2.086702492842818e-05,1.0000208672426463,2026-06-01 06:23:00,2026-06-01
CHF → EUR → JPY → USD → SGD → CHF,-2.4723400504841897e-05,1.0000247237061306,2026-06-01 06:25:00,2026-06-01
AUD → USD → HKD → AUD,-8.129540665424706e-06,1.0000081295737102,2026-06-01 06:26:00,2026-06-01
JPY → HKD → JPY,-1.665506374592951e-06,1.0000016655077615,2026-06-01 06:27:00,2026-06-01
CHF → HKD → USD → CHF,-4.983993675838905e-05,1.0000498411787886,2026-06-01 06:29:00,2026-06-01
EUR → USD → EUR,-4.632889268080254e-06,1.0000046328999999,2026-06-01 06:31:00,2026-06-01
EUR → CHF → HKD → USD → EUR,-2.0803535500879544e-05,1.0000208037518958,2026-06-01 06:32:00,2026-06-01
USD → AUD → CHF → HKD → USD,-7.063030224468969e-05,1.0000706327966231,2026-06-01 06:35:00,2026-06-01
USD → GBP → USD,-4.1675913156069555e-06,1.0000041676,2026-06-01 06:37:00,2026-06-01
JPY → USD → JPY,-5.018033557835366e-05,1.0000501815946325,2026-06-01 06:57:00,2026-06-01
JPY → USD → JPY,-1.8818511142271177e-05,1.0000188186882115,2026-06-01 07:00:00,2026-06-01
CAD → CHF → HKD → CAD,-6.625211915212148e-05,1.0000662543138723,2026-06-01 07:01:00,2026-06-01
HKD → CHF → HKD,-0.00014272464754672143,1.0001427348331937,2026-06-01 07:02:00,2026-06-01
USD → EUR → USD,-1.2243125052574522e-05,1.0000122432,2026-06-01 07:05:00,2026-06-01
HKD → CHF → HKD,-4.182666598095963e-05,1.0000418275407281,2026-06-01 07:06:00,2026-06-01
HKD → USD → CHF → HKD,-0.00023005355805574834,1.0002300800224049,2026-06-01 07:10:00,2026-06-01
GBP → USD → GBP,-9.879995119810303e-07,1.000000988,2026-06-01 07:12:00,2026-06-01
EUR → USD → EUR,-2.740662443498354e-05,1.000027407,2026-06-01 07:14:00,2026-06-01
HKD → USD → JPY → HKD,-1.4913042774011842e-06,1.0000014913053894,2026-06-01 07:16:00,2026-06-01
USD → GBP → USD,-2.3268729281100686e-05,1.0000232690000002,2026-06-01 07:21:00,2026-06-01
EUR → USD → EUR,-1.5322382611732133e-05,1.0000153225000001,2026-06-01 07:23:00,2026-06-01
CHF → HKD → USD → CHF,-0.00010991919338781964,1.0001099252347236,2026-06-01 07:26:00,2026-06-01
USD → CHF → HKD → USD,-1.6394460656599108e-05,1.0000163945950464,2026-06-01 07:27:00,2026-06-01
JPY → USD → JPY,-1.2542094401268855e-05,1.0000125421730537,2026-06-01 07:28:00,2026-06-01
USD → GBP → USD,-3.486119234169527e-05,1.0000348618000001,2026-06-01 07:30:00,2026-06-01
GBP → USD → GBP,-9.804251938194675e-06,1.0000098043,2026-06-01 07:32:00,2026-06-01
AUD → CHF → HKD → AUD,-8.664856928641829e-05,1.0000866523233822,2026-06-01 07:34:00,2026-06-01
USD → JPY → USD,-1.254248766890953e-05,1.0000125425663262,2026-06-01 07:40:00,2026-06-01
CAD → JPY → USD → CAD,-2.4018975110784435e-05,1.0000240192635688,2026-06-01 07:42:00,2026-06-01
USD → AUD → CAD → HKD → USD,-2.5182620225132e-05,1.00002518293731,2026-06-01 07:43:00,2026-06-01
CHF → HKD → CHF,-1.36264036458833e-05,1.0000136264964858,2026-06-01 07:44:00,2026-06-01
JPY → EUR → JPY,-6.384501286671451e-05,1.0000638470510028,2026-06-01 07:48:00,2026-06-01
HKD → USD → GBP → HKD,-7.184726708725497e-05,1.000071849848164,2026-06-01 07:53:00,2026-06-01
EUR → JPY → EUR,-4.054446386891897e-05,1.0000405452858068,2026-06-01 07:58:00,2026-06-01
USD → CNH → USD,-1.478198785220819e-05,1.0000147820971064,2026-06-01 08:00:00,2026-06-01
HKD → CHF → HKD,-7.641356889243056e-05,1.0000764164884834,2026-06-01 08:03:00,2026-06-01
CHF → HKD → CHF,-4.2254060605095844e-05,1.0000422549533206,2026-06-01 08:11:00,2026-06-01
CAD → JPY → USD → CAD,-1.696179572208134e-05,1.0000169619395742,2026-06-01 08:20:00,2026-06-01
CAD → HKD → USD → CAD,-1.040491419407319e-05,1.0000104049683254,2026-06-01 08:21:00,2026-06-01
HKD → CHF → HKD,-2.15179639737606e-05,1.0000215181954868,2026-06-01 08:25:00,2026-06-01
HKD → USD → CHF → HKD,-3.576331830010271e-05,1.0000357639578152,2026-06-01 08:26:00,2026-06-01
USD → GBP → USD,-3.9739210387024215e-05,1.0000397399999998,2026-06-01 08:28:00,2026-06-01
CHF → HKD → CHF,-0.0001358684380314834,1.0001358776685658,2026-06-01 08:29:00,2026-06-01
USD → JPY → USD,-4.390049638747229e-05,1.0000439014600284,2026-06-01 08:30:00,2026-06-01
CAD → HKD → USD → CAD,-1.4541176029780889e-05,1.0000145412817532,2026-06-01 08:36:00,2026-06-01
GBP → JPY → EUR → GBP,-5.5935861620864946e-05,1.0000559374260602,2026-06-01 08:37:00,2026-06-01
JPY → CHF → JPY,-3.3953889679416704e-05,1.0000339544661192,2026-06-01 08:40:00,2026-06-01
AUD → CHF → HKD → AUD,-9.324696070645011e-05,1.0000932513083394,2026-06-01 08:43:00,2026-06-01
JPY → USD → JPY,-6.2716961419795325e-06,1.0000062717158091,2026-06-01 08:45:00,2026-06-01
USD → JPY → USD,-1.8814498445429706e-05,1.0000188146754392,2026-06-01 08:46:00,2026-06-01
CHF → HKD → USD → CHF,-8.94014731515902e-05,1.0000894054695824,2026-06-01 08:49:00,2026-06-01
GBP → USD → GBP,-4.2909907936317104e-06,1.000004291,2026-06-01 08:50:00,2026-06-01
AUD → GBP → USD → AUD,-1.1911747008874762e-05,1.000011911817954,2026-06-01 08:51:00,2026-06-01
JPY → CHF → HKD → USD → JPY,-7.21591986438952e-05,1.0000721618021815,2026-06-01 08:53:00,2026-06-01
SGD → CHF → SGD,-3.059490439077939e-05,1.0000305953724196,2026-06-01 08:54:00,2026-06-01
EUR → JPY → EUR,-8.166437867274112e-06,1.0000081664712128,2026-06-01 08:54:00,2026-06-01
HKD → USD → JPY → EUR → AUD → HKD,-2.3891705611733816e-05,1.0000238919910207,2026-06-01 08:57:00,2026-06-01
EUR → GBP → USD → EUR,-8.161529103151155e-05,1.00008161862165,2026-06-01 08:58:00,2026-06-01
GBP → USD → GBP,-2.7374025327986384e-05,1.0000273744000001,2026-06-01 09:03:00,2026-06-01
CHF → HKD → CHF,-5.681994695194703e-06,1.0000056820108378,2026-06-01 09:04:00,2026-06-01
CHF → USD → CHF,-2.0386509531927777e-05,1.0000203867173383,2026-06-01 09:05:00,2026-06-01
USD → GBP → USD,-3.177909503920828e-05,1.0000317796,2026-06-01 09:07:00,2026-06-01
GBP → AUD → GBP,-2.797496087003637e-06,1.0000027975,2026-06-01 09:08:00,2026-06-01
EUR → GBP → EUR,-2.7209629814561875e-05,1.0000272099999998,2026-06-01 09:11:00,2026-06-01
EUR → JPY → EUR,-9.343269891104455e-07,1.0000009343274257,2026-06-01 09:12:00,2026-06-01
EUR → GBP → USD → EUR,-1.4489593305355708e-05,1.00001448969828,2026-06-01 09:13:00,2026-06-01
GBP → HKD → USD → GBP,-8.366903158002481e-05,1.000083672531931,2026-06-01 09:14:00,2026-06-01
CHF → USD → HKD → CHF,-6.3495834665139306e-06,1.000006349603625,2026-06-01 09:15:00,2026-06-01
GBP → USD → GBP,-3.7141310253063775e-05,1.000037142,2026-06-01 09:20:00,2026-06-01
USD → CHF → USD,-6.72631096003129e-05,1.000067265371814,2026-06-01 09:21:00,2026-06-01
EUR → GBP → EUR,-3.0277541630541194e-05,1.0000302779999999,2026-06-01 09:24:00,2026-06-01
GBP → USD → GBP,-5.6547401165563116e-05,1.000056549,2026-06-01 09:36:00,2026-06-01
USD → CHF → HKD → USD,-8.8352611601894e-06,1.0000088353001912,2026-06-01 09:39:00,2026-06-01
CAD → HKD → USD → CAD,-5.456336890419244e-06,1.0000054563517762,2026-06-01 09:43:00,2026-06-01
CHF → HKD → CHF,-1.1951171659418947e-05,1.000011951243075,2026-06-01 09:44:00,2026-06-01
HKD → CHF → HKD,-0.00011923259045376611,1.0001192396989416,2026-06-01 09:45:00,2026-06-01
SGD → CHF → SGD,-6.570400840177903e-05,1.0000657061669573,2026-06-01 09:52:00,2026-06-01
HKD → CHF → HKD,-3.469203049455416e-05,1.00003469263227,2026-06-01 10:00:00,2026-06-01
CAD → HKD → USD → CAD,-1.1032165581625897e-06,1.0000011032171667,2026-06-01 10:13:00,2026-06-01
HKD → CHF → HKD,-4.886795969349933e-05,1.0000488691537517,2026-06-01 10:14:00,2026-06-01
USD → AUD → HKD → USD,-1.0713984095578333e-05,1.0000107140414904,2026-06-01 10:15:00,2026-06-01
CAD → JPY → HKD → USD → AUD → CAD,-4.396804787785286e-06,1.0000043968144539,2026-06-01 10:23:00,2026-06-01
USD → CHF → HKD → USD,-0.00011478314600110728,1.0001147897338385,2026-06-01 10:37:00,2026-06-01
HKD → USD → CHF → HKD,-3.0607088404494e-05,1.0000306075568062,2026-06-01 10:40:00,2026-06-01
CHF → USD → CAD → HKD → AUD → CHF,-2.8531722108232627e-05,1.0000285321291418,2026-06-01 10:51:00,2026-06-01
USD → CAD → HKD → USD,-7.336814686509374e-06,1.000007336841601,2026-06-01 10:51:00,2026-06-01
CHF → USD → CHF,-3.929550393486081e-05,1.0000392962760132,2026-06-01 11:02:00,2026-06-01
USD → CAD → HKD → USD,-1.756445002742968e-05,1.0000175646042833,2026-06-01 11:03:00,2026-06-01
USD → JPY → USD,-1.881320058227942e-05,1.0000188133775516,2026-06-01 11:04:00,2026-06-01
CHF → JPY → CHF,-2.0512380537240915e-05,1.0000205125909176,2026-06-01 11:07:00,2026-06-01
HKD → CHF → HKD,-5.0800299939091076e-05,1.0000508015902962,2026-06-01 11:11:00,2026-06-01
GBP → USD → GBP,-5.0671316187189674e-05,1.0000506726,2026-06-01 11:14:00,2026-06-01
USD → GBP → CHF → USD,-8.379407179409659e-05,1.0000837975826153,2026-06-01 11:16:00,2026-06-01
EUR → GBP → USD → EUR,-3.157566748332452e-05,1.000031576166,2026-06-01 11:18:00,2026-06-01
EUR → GBP → CAD → CHF → JPY → HKD → USD → EUR,-2.5379556781696122e-05,1.0000253798788454,2026-06-01 11:23:00,2026-06-01
USD → EUR → USD,-7.671970570416464e-06,1.000007672,2026-06-01 11:23:00,2026-06-01
HKD → CHF → HKD,-2.4136827998511023e-06,1.0000024136857129,2026-06-01 11:24:00,2026-06-01
HKD → USD → SGD → HKD,-8.894375160048429e-05,1.0000889477072132,2026-06-01 11:28:00,2026-06-01
USD → GBP → USD,-2.5118684523151025e-05,1.000025119,2026-06-01 11:33:00,2026-06-01
JPY → USD → JPY,-1.8812374777077423e-05,1.0000188125517309,2026-06-01 11:36:00,2026-06-01
EUR → JPY → EUR,-2.7042523729647883e-05,1.000027042889382,2026-06-01 11:39:00,2026-06-01
HKD → CAD → HKD,-1.8988403101882767e-05,1.0000189885833828,2026-06-01 11:40:00,2026-06-01
EUR → CAD → EUR,-0.00011174710400468912,1.0001117533479449,2026-06-01 11:41:00,2026-06-01
CHF → HKD → CHF,-8.14769623702638e-05,1.0000814802817082,2026-06-01 11:44:00,2026-06-01
JPY → AUD → EUR → JPY,-1.8313632293154303e-05,1.0000183137999887,2026-06-01 11:46:00,2026-06-01
GBP → USD → GBP,-3.906723686553093e-05,1.000039068,2026-06-01 11:47:00,2026-06-01
CAD → JPY → HKD → USD → AUD → CAD,-1.9117050995881048e-05,1.0000191172337278,2026-06-01 11:49:00,2026-06-01
USD → AUD → USD,-4.440892098500626e-16,1.0000000000000004,2026-06-01 11:52:00,2026-06-01
JPY → EUR → JPY,-2.1246693981957776e-05,1.0000212469196945,2026-06-01 12:01:00,2026-06-01
CAD → AUD → USD → CAD,-1.5836693038843302e-05,1.00001583681844,2026-06-01 12:05:00,2026-06-01
GBP → HKD → USD → GBP,-4.759450881741678e-06,1.000004759462208,2026-06-01 12:07:00,2026-06-01
JPY → USD → JPY,-4.3890587041239826e-05,1.0000438915502472,2026-06-01 12:09:00,2026-06-01
HKD → USD → GBP → HKD,-5.389993232185475e-06,1.0000053900077581,2026-06-01 12:12:00,2026-06-01
USD → CHF → HKD → USD,-7.655600075159863e-05,1.000076558931237,2026-06-01 12:20:00,2026-06-01
USD → CAD → JPY → HKD → USD,-1.3778557012567028e-05,1.0000137786519374,2026-06-01 12:24:00,2026-06-01
USD → EUR → USD,-4.697988964491584e-06,1.0000046980000001,2026-06-01 12:24:00,2026-06-01
USD → GBP → USD,-3.0695528887347834e-05,1.0000306959999998,2026-06-01 12:27:00,2026-06-01
CNH → HKD → USD → CNH,-1.275982187354252e-05,1.0000127599032804,2026-06-01 12:31:00,2026-06-01
HKD → GBP → HKD,-1.8099983618569127e-06,1.0000018099999999,2026-06-01 12:32:00,2026-06-01
CHF → HKD → SGD → CHF,-9.631315948077646e-05,1.000096317797742,2026-06-01 12:36:00,2026-06-01
USD → EUR → USD,-4.279999083756092e-07,1.0000004279999999,2026-06-01 12:44:00,2026-06-01
CAD → HKD → USD → CAD,-1.7909503691737605e-06,1.000001790951973,2026-06-01 12:46:00,2026-06-01
CHF → EUR → CHF,-0.0003171634676153723,1.0003172137692657,2026-06-01 12:48:00,2026-06-01
USD → GBP → USD,-4.554896263025965e-05,1.00004555,2026-06-01 12:49:00,2026-06-01
USD → JPY → USD,-4.3893889663415564e-05,1.0000438948530144,2026-06-01 12:51:00,2026-06-01
GBP → HKD → USD → GBP,-3.5950335396717215e-05,1.0000359509816177,2026-06-01 12:52:00,2026-06-01
CHF → HKD → USD → CHF,-2.2908697898060826e-05,1.0000229089603043,2026-06-01 12:57:00,2026-06-01
JPY → USD → JPY,-6.269690743465617e-06,1.000006269710398,2026-06-01 13:00:00,2026-06-01
USD → JPY → USD,-6.269258366664587e-06,1.0000062692780185,2026-06-01 13:02:00,2026-06-01
AUD → HKD → USD → AUD,-4.046027677306885e-05,1.000040461095301,2026-06-01 13:03:00,2026-06-01
HKD → USD → JPY → EUR → GBP → SGD → CHF → HKD,-9.038450054887903e-05,1.000090388585351,2026-06-01 13:04:00,2026-06-01
AUD → CNH → USD → AUD,-2.239011913468536e-05,1.0000223903697953,2026-06-01 13:04:00,2026-06-01
USD → JPY → USD,-1.2534077007408939e-05,1.0000125341555592,2026-06-01 13:06:00,2026-06-01
CAD → JPY → USD → CAD,-6.203544588023746e-06,1.00000620356383,2026-06-01 13:09:00,2026-06-01
JPY → HKD → JPY,-3.2341972580951506e-05,1.0000323424955881,2026-06-01 13:10:00,2026-06-01
USD → JPY → USD,-6.892511288203451e-05,1.0000689274882721,2026-06-01 13:11:00,2026-06-01
SGD → USD → SGD,-0.00014853671815931446,1.0001485477502838,2026-06-01 13:13:00,2026-06-01
JPY → CHF → JPY,-2.2466429125955756e-06,1.0000022466454364,2026-06-01 13:14:00,2026-06-01
EUR → AUD → EUR,-4.002479899706257e-05,1.0000400256,2026-06-01 13:17:00,2026-06-01
HKD → USD → CNH → HKD,-2.1261115626725058e-05,1.000021261341646,2026-06-01 13:19:00,2026-06-01
USD → JPY → USD,-1.879104668756071e-05,1.0000187912232403,2026-06-01 13:20:00,2026-06-01
JPY → CHF → JPY,-0.00017975824038707344,1.0001797743978678,2026-06-01 13:21:00,2026-06-01
CHF → USD → CHF,-5.310101292774205e-05,1.0000531024228114,2026-06-01 13:23:00,2026-06-01
USD → CAD → HKD → USD,-4.971519475038821e-06,1.000004971531833,2026-06-01 13:24:00,2026-06-01
JPY → USD → JPY,-1.8788104616085377e-05,1.0000187882811136,2026-06-01 13:25:00,2026-06-01
JPY → USD → JPY,-3.131331159522688e-05,1.0000313138018622,2026-06-01 13:27:00,2026-06-01
USD → CHF → EUR → JPY → USD,-4.027424633049059e-05,1.000040275057349,2026-06-01 13:28:00,2026-06-01
EUR → JPY → USD → EUR,-8.050849738430732e-05,1.0000805117382803,2026-06-01 13:29:00,2026-06-01
JPY → USD → JPY,-3.130880183466189e-05,1.0000313092919604,2026-06-01 13:30:00,2026-06-01
USD → AUD → USD,-0.00011191315550823644,1.000111919418019,2026-06-01 13:32:00,2026-06-01
USD → GBP → CHF → JPY → USD,-5.24995924061078e-05,1.0000525009705339,2026-06-01 13:33:00,2026-06-01
AUD → CNH → USD → AUD,-1.2098901399915096e-05,1.000012098974592,2026-06-01 13:34:00,2026-06-01
GBP → EUR → GBP,-0.00014019817177701732,1.000140208,2026-06-01 13:35:00,2026-06-01
JPY → USD → JPY,-9.392287685638934e-05,1.0000939272877478,2026-06-01 13:36:00,2026-06-01
AUD → EUR → AUD,-2.6479049426764156e-05,1.0000264793999998,2026-06-01 13:37:00,2026-06-01
GBP → EUR → GBP,-1.315271350257885e-05,1.0000131527999998,2026-06-01 13:38:00,2026-06-01
JPY → USD → JPY,-2.5051825960353824e-05,1.00002505213976,2026-06-01 13:39:00,2026-06-01
USD → GBP → USD,-1.9995800082828197e-05,1.0000199960000002,2026-06-01 13:42:00,2026-06-01
USD → JPY → USD,-0.0001189697223438202,1.000118976799522,2026-06-01 13:43:00,2026-06-01
CAD → JPY → USD → CAD,-4.910786129774802e-05,1.0000491090671084,2026-06-01 13:46:00,2026-06-01
USD → CHF → HKD → USD,-0.00015234744070682926,1.0001523590461676,2026-06-01 13:47:00,2026-06-01
CAD → JPY → HKD → USD → AUD → CAD,-9.482415434001329e-05,1.0000948286502922,2026-06-01 13:49:00,2026-06-01
USD → EUR → GBP → HKD → USD,-1.8499367300695013e-05,1.0000184995384152,2026-06-01 13:50:00,2026-06-01
USD → AUD → USD,-1.4003738998458193e-05,1.0000140038370513,2026-06-01 13:51:00,2026-06-01
HKD → USD → AUD → HKD,-0.00011432117468640479,1.000114327709601,2026-06-01 13:52:00,2026-06-01
JPY → USD → JPY,-8.765503990826318e-05,1.0000876588817236,2026-06-01 13:53:00,2026-06-01
USD → AUD → CNH → USD,-3.507383467271641e-05,1.0000350744497668,2026-06-01 13:55:00,2026-06-01
EUR → USD → EUR,-5.466170602183573e-05,1.0000546632,2026-06-01 13:56:00,2026-06-01
USD → CHF → JPY → USD,-0.00013852576142367456,1.00013853535656,2026-06-01 13:57:00,2026-06-01
SGD → HKD → SGD,-4.506276246374341e-06,1.0000045062863996,2026-06-01 13:58:00,2026-06-01
AUD → CHF → USD → AUD,-8.050213899502001e-05,1.000080505379379,2026-06-01 14:01:00,2026-06-01
AUD → USD → AUD,-5.60404612275911e-05,1.0000560420315237,2026-06-01 14:02:00,2026-06-01
USD → AUD → CAD → JPY → HKD → USD,-5.896315735423943e-06,1.0000058963331186,2026-06-01 14:03:00,2026-06-01
USD → CAD → HKD → USD,-6.5811431454732e-05,1.0000658135970746,2026-06-01 14:04:00,2026-06-01
USD → CAD → HKD → USD,-6.421126589384318e-06,1.0000064211472048,2026-06-01 14:06:00,2026-06-01
EUR → CHF → EUR,-2.186102943711743e-05,1.000021861268391,2026-06-01 14:06:00,2026-06-01
HKD → USD → EUR → JPY → HKD,-1.2141628501910473e-05,1.0000121417022119,2026-06-01 14:11:00,2026-06-01
EUR → USD → EUR,-3.644493358934131e-06,1.0000036445,2026-06-01 14:11:00,2026-06-01
JPY → HKD → AUD → CHF → JPY,-1.2558182811095442e-05,1.0000125582616655,2026-06-01 14:12:00,2026-06-01
HKD → CHF → HKD,-3.7001747124065787e-06,1.000003700181558,2026-06-01 14:16:00,2026-06-01
USD → JPY → USD,-1.2523481514037371e-05,1.000012523559933,2026-06-01 14:17:00,2026-06-01
JPY → USD → JPY,-6.261074276725509e-05,1.0000626127028607,2026-06-01 14:18:00,2026-06-01
EUR → USD → EUR,-1.8260433277322852e-05,1.0000182606,2026-06-01 14:20:00,2026-06-01
AUD → EUR → USD → AUD,-1.709862962534503e-05,1.0000170987758077,2026-06-01 14:21:00,2026-06-01
USD → CHF → HKD → USD,-8.363855786527874e-05,1.000083642055667,2026-06-01 14:29:00,2026-06-01
HKD → USD → GBP → HKD,-8.09604784115514e-05,1.0000809637557995,2026-06-01 14:35:00,2026-06-01
CAD → JPY → CAD,-6.643480663370838e-06,1.0000066435027313,2026-06-01 14:36:00,2026-06-01
HKD → GBP → HKD,-4.537537052229368e-05,1.0000453764,2026-06-01 14:37:00,2026-06-01
CAD → JPY → USD → CAD,-2.5033874034019465e-05,1.000025034187384,2026-06-01 14:38:00,2026-06-01
HKD → CHF → HKD,-3.0181979445487173e-05,1.000030182434926,2026-06-01 14:39:00,2026-06-01
GBP → JPY → HKD → USD → EUR → GBP,-1.3389802537039364e-05,1.0000133898921808,2026-06-01 14:40:00,2026-06-01
USD → CHF → USD,-3.5622869711010585e-05,1.000035623504213,2026-06-01 14:41:00,2026-06-01
USD → HKD → CHF → USD,-0.00014537670556960536,1.000145387273275,2026-06-01 14:44:00,2026-06-01
CHF → USD → CHF,-5.662608767581512e-05,1.000056627690963,2026-06-01 14:44:00,2026-06-01
CHF → EUR → CHF,-7.648893919022515e-05,1.0000764918645437,2026-06-01 14:47:00,2026-06-01
CHF → HKD → CHF,-0.00025976304545194395,1.0002597967867934,2026-06-01 14:49:00,2026-06-01
AUD → CAD → USD → AUD,-6.94192566757356e-05,1.000069421666248,2026-06-01 14:50:00,2026-06-01
JPY → CAD → JPY,-1.3224501391739807e-05,1.0000132245888358,2026-06-01 14:53:00,2026-06-01
HKD → USD → CHF → HKD,-0.0002347336262259192,1.0002347611783193,2026-06-01 14:55:00,2026-06-01
JPY → USD → JPY,-1.8783399221788954e-05,1.000018783575631,2026-06-01 14:56:00,2026-06-01
USD → JPY → CHF → USD,-6.733006170386857e-05,1.0000673323284233,2026-06-01 14:58:00,2026-06-01
USD → AUD → USD,-1.4001582179401506e-05,1.000014001680202,2026-06-01 14:58:00,2026-06-01
USD → GBP → USD,-1.8954820356298363e-05,1.000018955,2026-06-01 15:04:00,2026-06-01
HKD → CHF → JPY → HKD,-0.0001101902163989088,1.0001101962875638,2026-06-01 15:05:00,2026-06-01
CAD → HKD → USD → CAD,-1.4591825764354027e-06,1.000001459183641,2026-06-01 15:11:00,2026-06-01
GBP → HKD → USD → GBP,-8.190644527872326e-05,1.0000819097997031,2026-06-01 15:14:00,2026-06-01
USD → GBP → USD,-1.1719993131542594e-06,1.000001172,2026-06-01 15:15:00,2026-06-01
USD → CAD → HKD → USD,-2.163290733314671e-05,1.000021633141326,2026-06-01 15:17:00,2026-06-01
HKD → GBP → HKD,-1.0435345551673691e-05,1.0000104354000001,2026-06-01 15:21:00,2026-06-01
HKD → AUD → CHF → JPY → HKD,-0.0001314249077251084,1.0001314335443567,2026-06-01 15:26:00,2026-06-01
USD → GBP → USD,-9.891951074425531e-06,1.000009892,2026-06-01 15:28:00,2026-06-01
HKD → CHF → HKD,-0.00033509726423552877,1.0003351534155958,2026-06-01 15:30:00,2026-06-01
USD → GBP → USD,-4.0741170067248866e-05,1.000040742,2026-06-01 15:34:00,2026-06-01
EUR → JPY → USD → EUR,-2.2939619989947868e-05,1.000022939883105,2026-06-01 15:35:00,2026-06-01
EUR → USD → EUR,-1.899131966365264e-05,1.0000189915,2026-06-01 15:36:00,2026-06-01
USD → EUR → GBP → USD,-0.00011039516498959068,1.00011040125876,2026-06-01 15:37:00,2026-06-01
GBP → USD → GBP,-5.338857480469139e-05,1.00005339,2026-06-01 15:40:00,2026-06-01
JPY → USD → JPY,-3.13203729591649e-05,1.0000313208634473,2026-06-01 15:41:00,2026-06-01
SGD → CHF → USD → SGD,-1.4069747184763948e-05,1.0000140698461641,2026-06-01 15:42:00,2026-06-01
CHF → HKD → CHF,-3.5181059703237594e-05,1.000035181678564,2026-06-01 15:44:00,2026-06-01
GBP → USD → GBP,-3.851525827802682e-05,1.000038516,2026-06-01 15:45:00,2026-06-01
GBP → USD → GBP,-1.5354382120746912e-05,1.0000153545,2026-06-01 15:50:00,2026-06-01
HKD → CHF → HKD,-0.0001282895482419555,1.000128297777698,2026-06-01 15:52:00,2026-06-01
USD → GBP → USD,-6.202680763456314e-06,1.0000062027,2026-06-01 15:53:00,2026-06-01
HKD → CHF → HKD,-0.00012243145149337664,1.0001224389465293,2026-06-01 15:54:00,2026-06-01
JPY → USD → JPY,-3.757985718610968e-05,1.0000375805633177,2026-06-01 15:55:00,2026-06-01
AUD → CHF → EUR → AUD,-0.00019641046975976684,1.000196429759559,2026-06-01 15:56:00,2026-06-01
JPY → USD → JPY,-6.263250688753885e-06,1.0000062632703028,2026-06-01 15:57:00,2026-06-01
JPY → USD → JPY,-1.8791282090369066e-05,1.0000187914586476,2026-06-01 16:02:00,2026-06-01
CHF → HKD → USD → CHF,-0.0001219529502226313,1.000121960386786,2026-06-01 16:06:00,2026-06-01
JPY → USD → JPY,-1.2525442295796552e-05,1.0000125255207395,2026-06-01 16:08:00,2026-06-01
AUD → EUR → USD → AUD,-3.6834433566557134e-05,1.0000368351119626,2026-06-01 16:11:00,2026-06-01
JPY → USD → JPY,-2.504931583313663e-05,1.00002504962957,2026-06-01 16:13:00,2026-06-01
JPY → USD → JPY,-6.261603530788307e-06,1.0000062616231347,2026-06-01 16:15:00,2026-06-01
HKD → JPY → USD → HKD,-7.048833347234051e-06,1.0000070488581903,2026-06-01 16:16:00,2026-06-01
USD → HKD → CHF → JPY → USD,-4.923646624188649e-06,1.0000049236587454,2026-06-01 16:25:00,2026-06-01
GBP → HKD → USD → GBP,-4.782865971242334e-05,1.000047829803521,2026-06-01 16:29:00,2026-06-01
USD → GBP → USD,-8.767961561351179e-06,1.000008768,2026-06-01 16:31:00,2026-06-01
HKD → CHF → HKD,-1.5060826984658604e-05,1.0000150609403995,2026-06-01 16:32:00,2026-06-01
JPY → AUD → EUR → USD → JPY,-3.4017671569325225e-05,1.0000340182501768,2026-06-01 16:35:00,2026-06-01
JPY → USD → JPY,-5.6367137958979185e-05,1.000056368726616,2026-06-01 16:36:00,2026-06-01
HKD → CHF → HKD,-2.1324430176772324e-05,1.000021324657544,2026-06-01 16:38:00,2026-06-01
HKD → CHF → HKD,-5.3625600943352225e-05,1.0000536270388216,2026-06-01 16:40:00,2026-06-01
JPY → CHF → HKD → JPY,-6.261746616509356e-05,1.0000626194266795,2026-06-01 16:44:00,2026-06-01
AUD → CHF → USD → AUD,-6.787126895657636e-05,1.0000678735722632,2026-06-01 16:46:00,2026-06-01
HKD → CHF → HKD,-6.009953643326682e-05,1.0000601013424466,2026-06-01 16:51:00,2026-06-01
JPY → USD → JPY,-2.506438412552825e-05,1.0000250646982398,2026-06-01 16:53:00,2026-06-01
USD → EUR → USD,-4.7659988655635033e-07,1.0000004766000001,2026-06-01 16:54:00,2026-06-01
AUD → CHF → USD → AUD,-4.04831804801109e-06,1.0000040483262425,2026-06-01 16:55:00,2026-06-01
USD → JPY → USD,-2.506234256216544e-05,1.0000250626566254,2026-06-01 16:57:00,2026-06-01
GBP → USD → GBP,-5.6673594021561247e-05,1.0000566752,2026-06-01 17:00:00,2026-06-01
GBP → HKD → GBP,-1.582227482721521e-05,1.0000158224,2026-06-01 17:03:00,2026-06-01
JPY → USD → JPY,-1.8793754202661717e-05,1.0000187939308063,2026-06-01 17:06:00,2026-06-01
USD → GBP → USD,-2.8386597096752286e-05,1.000028387,2026-06-01 17:09:00,2026-06-01
USD → CNH → USD,-1.4780971859806868e-06,1.0000014780982784,2026-06-01 17:11:00,2026-06-01
JPY → USD → JPY,-1.8792341488271802e-05,1.0000187925180655,2026-06-01 17:12:00,2026-06-01
USD → GBP → USD,-4.9918754038147384e-05,1.00004992,2026-06-01 17:13:00,2026-06-01
AUD → CHF → HKD → AUD,-4.878217539638907e-05,1.000048783365266,2026-06-01 17:14:00,2026-06-01
JPY → CAD → JPY,-1.3640100929634968e-05,1.0000136401939563,2026-06-01 17:17:00,2026-06-01
USD → EUR → CHF → HKD → USD,-6.179678647841302e-06,1.0000061796977422,2026-06-01 17:18:00,2026-06-01
HKD → GBP → HKD,-1.5691076894253086e-05,1.0000156911999998,2026-06-01 17:20:00,2026-06-01
EUR → GBP → USD → EUR,-1.8016900334649755e-05,1.00001801706264,2026-06-01 17:26:00,2026-06-01
EUR → USD → EUR,-3.388994257419453e-06,1.000003389,2026-06-01 17:27:00,2026-06-01
JPY → USD → JPY,-3.7577268257038554e-05,1.0000375779742914,2026-06-01 17:28:00,2026-06-01
SGD → USD → SGD,-6.257577537302494e-05,1.0000625777332777,2026-06-01 17:29:00,2026-06-01
USD → GBP → USD,-2.4211706894317064e-05,1.000024212,2026-06-01 17:31:00,2026-06-01
USD → GBP → USD,-2.4211706894317064e-05,1.000024212,2026-06-01 17:32:00,2026-06-01
GBP → USD → GBP,-5.392254615343983e-05,1.0000539240000001,2026-06-01 17:33:00,2026-06-01
JPY → USD → JPY,-1.879363647283583e-05,1.0000187938130742,2026-06-01 17:36:00,2026-06-01
USD → GBP → USD,-3.163949946582978e-05,1.00003164,2026-06-01 17:38:00,2026-06-01
CHF → HKD → USD → CHF,-3.0342715555131683e-05,1.0000303431759,2026-06-01 17:41:00,2026-06-01
USD → EUR → USD,-6.433979302000736e-06,1.000006434,2026-06-01 17:45:00,2026-06-01
GBP → USD → GBP,-5.19926483588673e-05,1.000051994,2026-06-01 17:48:00,2026-06-01
HKD → USD → SGD → HKD,-4.280783639321051e-05,1.0000428087526616,2026-06-01 17:49:00,2026-06-01
USD → GBP → USD,-5.1549867131073235e-06,1.000005155,2026-06-01 17:59:00,2026-06-01
GBP → USD → GBP,-2.3268729281100686e-05,1.0000232690000002,2026-06-01 18:06:00,2026-06-01
CHF → HKD → USD → CHF,-2.5408609662436188e-05,1.0000254089324638,2026-06-01 18:10:00,2026-06-01
JPY → EUR → JPY,-1.2959354736885587e-05,1.0000129594387097,2026-06-01 18:11:00,2026-06-01
JPY → USD → JPY,-6.264113824983042e-06,1.0000062641334446,2026-06-01 18:28:00,2026-06-01
USD → CHF → HKD → USD,-9.150286014453224e-05,1.000091507046659,2026-06-01 18:33:00,2026-06-01
USD → SGD → HKD → USD,-8.07283210094989e-05,1.000080731579628,2026-06-01 18:38:00,2026-06-01
GBP → HKD → USD → GBP,-8.757779159096479e-07,1.0000008757782994,2026-06-01 18:47:00,2026-06-01
CHF → HKD → USD → CHF,-7.530600109606489e-06,1.0000075306284646,2026-06-01 18:48:00,2026-06-01
JPY → USD → JPY,-4.3836439986399967e-05,1.0000438374008171,2026-06-01 18:49:00,2026-06-01
GBP → AUD → GBP,-2.193355945778741e-05,1.0000219338,2026-06-01 18:50:00,2026-06-01
CHF → USD → EUR → CHF,-3.812503047959104e-05,1.0000381257572477,2026-06-01 18:53:00,2026-06-01
EUR → CHF → HKD → USD → EUR,-0.00010872322874602713,1.0001087291393305,2026-06-01 18:54:00,2026-06-01
USD → JPY → USD,-6.259859279023061e-05,1.000062600552123,2026-06-01 18:59:00,2026-06-01
HKD → CHF → HKD,-1.2490441021473231e-05,1.0000124905190273,2026-06-01 19:00:00,2026-06-01
HKD → CHF → HKD,-9.018265026305983e-06,1.0000090183056909,2026-06-01 19:01:00,2026-06-01
HKD → CHF → HKD,-9.895926886871464e-05,1.0000989641654987,2026-06-01 19:09:00,2026-06-01
CAD → AUD → CAD,-7.38772710070848e-05,1.00007388,2026-06-01 19:12:00,2026-06-01
AUD → EUR → USD → AUD,-4.846937415634023e-05,1.0000484705488155,2026-06-01 19:17:00,2026-06-01
AUD → CHF → USD → AUD,-5.8520504544745666e-05,1.000058522216903,2026-06-01 19:19:00,2026-06-01
USD → AUD → EUR → JPY → USD,-4.145800107824282e-06,1.0000041458087017,2026-06-01 19:26:00,2026-06-01
USD → HKD → USD,-1.2758926463796172e-05,1.0000127590078594,2026-06-01 19:30:00,2026-06-01
USD → JPY → USD,-3.757985718610968e-05,1.0000375805633177,2026-06-01 19:33:00,2026-06-01
GBP → HKD → USD → GBP,-2.8897296651120286e-06,1.0000028897338404,2026-06-01 19:35:00,2026-06-01
CHF → AUD → CHF,-4.4473830402402825e-05,1.0000444748193777,2026-06-01 19:39:00,2026-06-01
CHF → JPY → HKD → USD → AUD → CHF,-6.178578755200448e-05,1.0000617876963331,2026-06-01 19:44:00,2026-06-01
AUD → CHF → HKD → AUD,-3.3181694878869905e-05,1.0000331822453974,2026-06-01 19:46:00,2026-06-01
HKD → CHF → HKD,-4.8614199822605286e-05,1.000048615381512,2026-06-01 19:52:00,2026-06-01
USD → JPY → USD,-1.2522775790557716e-05,1.000012522854201,2026-06-01 19:53:00,2026-06-01
USD → JPY → USD,-1.8786928044356443e-05,1.0000187871045199,2026-06-01 19:59:00,2026-06-01
HKD → CHF → HKD,-2.5507165456684078e-05,1.0000255074907671,2026-06-01 20:01:00,2026-06-01
HKD → CHF → HKD,-7.305379850430782e-05,1.000073056466998,2026-06-01 20:04:00,2026-06-01
GBP → USD → GBP,-1.8559827765329828e-05,1.00001856,2026-06-01 20:06:00,2026-06-01
USD → GBP → HKD → USD,-4.078731442641592e-05,1.0000407881462403,2026-06-01 20:10:00,2026-06-01
USD → EUR → USD,-4.247709783528064e-05,1.000042478,2026-06-01 20:13:00,2026-06-01
GBP → USD → GBP,-3.4255413276618185e-05,1.000034256,2026-06-01 20:14:00,2026-06-01
EUR → USD → EUR,-4.247709783528064e-05,1.000042478,2026-06-01 20:15:00,2026-06-01
HKD → CHF → HKD,-1.0686980993934725e-05,1.0000106870380998,2026-06-01 20:26:00,2026-06-01
USD → GBP → USD,-3.4255413276618185e-05,1.000034256,2026-06-01 20:27:00,2026-06-01
USD → JPY → USD,-1.8789281332587393e-05,1.0000187894578523,2026-06-01 20:40:00,2026-06-01
JPY → CHF → HKD → JPY,-0.00010989912015668679,1.0001099051592863,2026-06-01 20:43:00,2026-06-01
USD → GBP → HKD → USD,-6.362146409216729e-05,1.0000636234879805,2026-06-01 20:44:00,2026-06-01
USD → JPY → HKD → USD,-8.119202491529975e-05,1.0000811953210769,2026-06-01 20:56:00,2026-06-01
USD → GBP → USD,-0.00028978938459112147,1.0002898313775912,2026-06-01 21:00:00,2026-06-01
GBP → USD → GBP,-0.0004457652376931853,1.0004458646057812,2026-06-01 21:01:00,2026-06-01
CHF → USD → CHF,-7.257959748777076e-05,1.0000725822314505,2026-06-01 21:07:00,2026-06-01
JPY → EUR → JPY,-3.7179269866349784e-05,1.000037179961024,2026-06-01 21:28:00,2026-06-01
GBP → HKD → USD → GBP,-2.5607062907995193e-05,1.0000256073907716,2026-06-01 21:30:00,2026-06-01
USD → JPY → USD,-0.0001127755954648535,1.0001127819548714,2026-06-01 21:31:00,2026-06-01
JPY → USD → JPY,-0.0001127755954648535,1.0001127819548714,2026-06-01 21:33:00,2026-06-01
HKD → USD → JPY → HKD,-0.00010001536656156773,1.000100020368265,2026-06-01 21:37:00,2026-06-01
USD → JPY → USD,-1.2531249788061416e-05,1.0000125313283046,2026-06-01 21:38:00,2026-06-01
USD → JPY → USD,-5.0124057035638714e-05,1.0000501253132672,2026-06-01 21:45:00,2026-06-01
JPY → USD → JPY,-6.265467874211339e-05,1.0000626566415876,2026-06-01 21:48:00,2026-06-01
HKD → USD → HKD,-0.00014548480283771426,1.000145495386265,2026-06-01 21:49:00,2026-06-01
GBP → HKD → USD → GBP,-0.00010327086612227365,1.0001032761987418,2026-06-01 21:51:00,2026-06-01
EUR → HKD → USD → EUR,-5.696823127229744e-05,1.0000569698539927,2026-06-01 21:52:00,2026-06-01
USD → JPY → USD,-5.638938751584277e-05,1.0000563909774272,2026-06-01 21:55:00,2026-06-01
USD → HKD → JPY → USD,-8.666291131165238e-05,1.0000866666666501,2026-06-01 21:57:00,2026-06-01
JPY → CHF → HKD → USD → JPY,-4.2453510130435745e-05,1.0000424544112934,2026-06-01 22:03:00,2026-06-01
HKD → USD → GBP → JPY → CHF → HKD,-9.473916400898341e-05,1.0000947436519052,2026-06-01 22:03:00,2026-06-01
CHF → HKD → CHF,-9.777678291111869e-05,1.0000977815632166,2026-06-01 22:15:00,2026-06-01
USD → HKD → USD,-1.275974046643924e-05,1.0000127598218722,2026-06-01 22:23:00,2026-06-01
JPY → USD → JPY,-1.879104668756071e-05,1.0000187912232403,2026-06-01 22:28:00,2026-06-01
HKD → USD → JPY → HKD,-1.8558603970930676e-05,1.000018558776183,2026-06-01 22:30:00,2026-06-01
CAD → AUD → CAD,-1.3847457151871037e-05,1.0000138475530282,2026-06-01 22:31:00,2026-06-01
HKD → USD → JPY → HKD,-1.2294427428560795e-05,1.0000122945030054,2026-06-01 22:33:00,2026-06-01
HKD → CHF → USD → HKD,-1.5658802646756342e-06,1.0000015658814907,2026-06-01 22:44:00,2026-06-01
JPY → USD → JPY,-1.879081128564053e-05,1.000018790987834,2026-06-01 23:04:00,2026-06-01
CHF → HKD → USD → CHF,-5.081976443871428e-05,1.0000508210557848,2026-06-01 23:15:00,2026-06-01
CHF → HKD → CHF,-3.9567572029497455e-05,1.0000395683548362,2026-06-01 23:18:00,2026-06-01
EUR → CNH → USD → EUR,-2.141779724407211e-06,1.000002141782018,2026-06-01 23:43:00,2026-06-01
HKD → CHF → HKD,-3.477099536874917e-05,1.0000347715998867,2026-06-01 23:52:00,2026-06-01
